District code,District name,Population,Total_Power_Parity,Households_with_Internet,State,Latitude,Longitude,Literacy_Rate,Sex_Ratio
4,Kargil,140802,214,235,Jammu and Kashmir,33.565994894894914,76.63675315315312,61.0,81.0
5,Punch,476835,629,346,Jammu and Kashmir,33.791241290322574,74.29593161290322,55.0,89.0
7,Kathua,616435,936,1443,Jammu and Kashmir,32.51781678321678,75.58901398601404,63.0,89.0
10,Srinagar,1236829,3099,16413,Jammu and Kashmir,34.27312898550724,75.11021159420288,61.0,90.0
12,Pulwama,560440,1068,1537,Jammu and Kashmir,33.88414418604652,75.00921860465118,52.0,91.0
16,Doda,409936,1103,596,Jammu and Kashmir,33.359614675767915,76.07163720136518,53.0,92.0
19,Udhampur,554985,1278,1214,Jammu and Kashmir,33.04770670731707,75.15286951219511,58.0,87.0
21,Jammu,1529958,3525,19905,Jammu and Kashmir,32.713199095022645,74.8477520361991,74.0,88.0
23,Chamba,519080,950,1615,Himachal Pradesh,32.66741814595661,76.39354063116366,62.0,99.0
24,Kangra,1510075,2878,8053,Himachal Pradesh,32.14093603238864,76.41205910931173,76.0,101.0
26,Kullu,437903,854,2623,Himachal Pradesh,31.90911922077925,77.40922649350647,70.0,94.0
27,Mandi,999777,1842,5333,Himachal Pradesh,31.635805940594054,76.96556930693067,72.0,101.0
28,Hamirpur,454768,878,2521,Himachal Pradesh,31.67668481012659,76.49767088607594,79.0,110.0
28,Hamirpur,454768,878,2521,Uttar Pradesh,25.738158381502892,79.82619479768789,79.0,110.0
168,Hamirpur,1104285,1291,1196,Himachal Pradesh,31.67668481012659,76.49767088607594,59.0,86.0
168,Hamirpur,1104285,1291,1196,Uttar Pradesh,25.738158381502892,79.82619479768789,59.0,86.0
29,Una,521173,987,2412,Himachal Pradesh,31.58330388349513,76.18353932038836,77.0,98.0
30,Bilaspur,381956,3666,1574,Chhattisgarh,22.356942982456143,81.99770350877188,75.0,98.0
30,Bilaspur,381956,3666,1574,Himachal Pradesh,31.3780422907489,76.65316079295157,75.0,98.0
406,Bilaspur,2663629,2981,8566,Chhattisgarh,22.356942982456143,81.99770350877188,60.0,97.0
406,Bilaspur,2663629,2981,8566,Himachal Pradesh,31.3780422907489,76.65316079295157,60.0,97.0
31,Solan,580320,1253,5250,Himachal Pradesh,31.03864311926604,76.94442140672783,74.0,88.0
32,Sirmaur,529855,930,2220,Himachal Pradesh,30.682764453961443,77.43184689507493,68.0,92.0
33,Shimla,814010,1668,9177,Himachal Pradesh,31.155725451807253,77.62573042168668,75.0,92.0
34,Kinnaur,84121,181,354,Himachal Pradesh,31.60667184065933,78.51613736263741,72.0,82.0
35,Gurdaspur,2298323,5982,14428,Punjab,32.04283371212125,75.3204064393939,71.0,90.0
36,Kapurthala,815168,2472,9732,Punjab,31.336592638036837,75.47641165644177,71.0,91.0
37,Jalandhar,2193590,6883,39082,Punjab,31.250336907216507,75.54400350515463,74.0,92.0
38,Hoshiarpur,1586625,4305,13747,Punjab,31.55157169811319,75.8469857442349,76.0,96.0
40,Fatehgarh Sahib,600163,1640,5138,Punjab,30.64290947368421,76.36208394736842,71.0,87.0
41,Ludhiana,3498739,10593,58589,Punjab,30.76596397379912,75.83110851528383,73.0,87.0
42,Moga,995746,2774,7897,Punjab,30.756540067340065,75.1600845117845,63.0,89.0
43,Firozpur,2029074,4283,10042,Punjab,30.63407535211269,74.40245732394365,60.0,89.0
44,Muktsar,901896,2025,4571,Punjab,30.31243303303303,74.5518747747748,58.0,90.0
45,Faridkot,617508,1540,4348,Punjab,30.591187250996025,74.79751553784862,62.0,89.0
46,Bathinda,1388525,3365,11284,Punjab,30.190524611973352,75.05685898004438,61.0,87.0
47,Mansa,769751,1694,2673,Punjab,29.919547714285724,75.4304922857143,55.0,88.0
48,Patiala,1895686,5679,24274,Punjab,30.214540380693364,76.27505893949697,67.0,89.0
49,Amritsar,2490656,6979,29961,Punjab,31.548679820627772,74.79883856502238,68.0,89.0
51,Rupnagar,684627,2034,6600,Punjab,30.910937330754347,76.53743500967126,73.0,92.0
53,Sangrur,1655169,3943,10736,Punjab,30.185045204336895,75.89437014178496,61.0,89.0
55,Chandigarh,1055450,34145,44283,Chandigarh,30.7426,76.75872465753424,76.0,82.0
56,Uttarkashi,330086,356,602,Uttaranchal,30.968958552036234,78.56880615384617,65.0,96.0
57,Chamoli,391605,467,899,Uttaranchal,30.58338611464965,79.56281095541402,72.0,102.0
59,Tehri Garhwal,618931,743,1366,Uttaranchal,30.463700918635173,78.48783792650917,66.0,108.0
62,Pithoragarh,483439,631,1344,Uttaranchal,30.14720631868129,80.34229230769236,71.0,102.0
63,Bageshwar,259898,281,435,Uttaranchal,29.98703393393397,79.83954354354357,69.0,109.0
64,Almora,622506,742,1830,Uttaranchal,29.683532133676103,79.50165064267351,70.0,114.0
65,Champawat,259648,309,548,Uttaranchal,29.29142393939393,80.07720212121217,68.0,98.0
67,Udham Singh Nagar,1648902,1805,7883,Uttaranchal,29.02779577677222,79.45629004524895,63.0,92.0
69,Panchkula,561293,1445,18615,Haryana,30.700897142857134,76.97173238095236,72.0,87.0
70,Ambala,1128350,2781,12899,Haryana,30.3503672316384,76.94970310734456,72.0,88.0
72,Kurukshetra,964655,2137,7356,Haryana,30.05652659846548,76.78774680306903,67.0,89.0
73,Kaithal,1074304,2046,3724,Haryana,29.96068539094649,76.37698930041155,60.0,88.0
74,Karnal,1505324,3368,11163,Haryana,29.703200647249204,76.87488025889972,65.0,89.0
75,Panipat,1205437,2559,10024,Haryana,29.34352134146342,76.92895914634147,65.0,86.0
77,Jind,1334152,2674,5263,Haryana,29.45149821958457,76.29598575667653,62.0,87.0
78,Fatehabad,942011,1854,3210,Haryana,29.57298318584072,75.54608716814157,59.0,90.0
79,Sirsa,1295189,2681,6287,Haryana,29.63583446327684,74.90970480225988,60.0,90.0
80,Hisar,1743931,3642,10132,Haryana,29.23628731117825,75.84324682779452,64.0,87.0
81,Bhiwani,1634445,3349,5292,Haryana,28.728868064516128,76.02110225806452,65.0,89.0
82,Rohtak,1061204,2299,8482,Haryana,28.892517647058817,76.53123235294117,70.0,87.0
83,Jhajjar,958405,2169,5034,Haryana,28.59651868131869,76.61137142857145,71.0,86.0
84,Mahendragarh,922088,1894,2624,Haryana,28.1352161458333,76.14018072916659,68.0,89.0
85,Rewari,900332,1979,5121,Haryana,28.19164714828897,76.55956007604564,71.0,90.0
86,Gurgaon,1514432,3107,67087,Haryana,28.043894789579163,77.01935130260523,73.0,85.0
88,Faridabad,1809733,5080,43437,Haryana,28.14873109756098,77.32718536585368,70.0,87.0
93,East,1709346,7151,80037,Sikkim,27.29600352941175,88.74908392156858,79.0,88.0
99,Ganganagar,1969168,3332,6295,Rajasthan,29.256785412667963,73.56192303262948,61.0,89.0
100,Hanumangarh,1774692,2709,3360,Rajasthan,29.1813351791531,74.74632573289902,58.0,91.0
101,Bikaner,2363937,3411,7607,Rajasthan,28.12489068322981,73.26943322981371,54.0,91.0
102,Churu,2039547,3361,2577,Rajasthan,28.29330375536484,74.65846427038629,56.0,94.0
103,Jhunjhunun,2137045,3300,4828,Rajasthan,28.13517401247401,75.52840893970894,64.0,95.0
104,Alwar,3674179,5732,9750,Rajasthan,27.55271738035265,76.65359630562563,59.0,89.0
105,Bharatpur,2548462,3699,4179,Rajasthan,27.32411858037578,77.21752077244258,58.0,88.0
106,Dhaulpur,1206516,1641,1330,Rajasthan,26.72397054945053,77.74476219780222,57.0,85.0
107,Karauli,1458248,1987,1059,Rajasthan,26.51901555555556,76.96081818181815,55.0,86.0
108,Sawai Madhopur,1335551,1900,1887,Rajasthan,26.251081180223288,76.4219283891548,56.0,90.0
109,Dausa,1634409,2286,1719,Rajasthan,26.91234817629181,76.57342097264443,57.0,91.0
110,Jaipur,6626178,12219,76565,Rajasthan,27.033459290187885,75.77117286012533,65.0,91.0
111,Sikar,2677333,4033,5647,Rajasthan,27.64644058641976,75.29317422839503,62.0,95.0
112,Nagaur,3307743,4863,4449,Rajasthan,27.07862016048146,74.14215667001012,53.0,95.0
113,Jodhpur,3687165,5708,19335,Rajasthan,26.678460838536967,73.00450847457628,55.0,92.0
114,Jaisalmer,669919,986,754,Rajasthan,26.86900838548185,71.18371877346682,46.0,85.0
115,Barmer,2603751,3437,2766,Rajasthan,25.77070908045978,71.50297126436782,46.0,90.0
116,Jalor,1828730,2470,1585,Rajasthan,25.07578093797277,72.18647261724662,45.0,95.0
117,Sirohi,1036346,1621,2146,Rajasthan,24.7976905263158,72.75309131578943,46.0,94.0
118,Pali,2037573,3317,4043,Rajasthan,25.80490393541874,73.55285640766907,53.0,99.0
119,Ajmer,2583052,4339,13499,Rajasthan,26.199300378787903,74.6990419191919,59.0,95.0
120,Tonk,1421326,2145,1908,Rajasthan,26.153935071707927,75.79192216427637,53.0,95.0
121,Bundi,1110906,1723,1392,Rajasthan,25.48580716049379,75.79984074074079,53.0,92.0
122,Bhilwara,2408523,3694,6207,Rajasthan,25.45119767759564,74.63947595628417,52.0,97.0
123,Rajsamand,1156597,1821,1989,Rajasthan,25.24894767441859,73.96570215946844,54.0,99.0
124,Dungarpur,1388552,2030,1477,Rajasthan,23.75104807692308,73.84765641025645,49.0,99.0
125,Banswara,1797485,2734,2324,Rajasthan,23.453642032967014,74.44246868131869,46.0,98.0
126,Chittaurgarh,1544338,3238,4941,Rajasthan,24.631623761665463,74.80010997846382,53.0,97.0
127,Kota,1951014,3394,12843,Rajasthan,25.175718080000014,76.18618928000001,67.0,91.0
128,Baran,1222755,1741,1363,Rajasthan,24.98023243243244,76.86210651828291,57.0,93.0
129,Jhalawar,1411129,1962,1750,Rajasthan,24.24725541474657,76.11242891705065,52.0,95.0
130,Udaipur,3068420,5101,14211,Rajasthan,24.44076752136749,73.84029839743584,52.0,96.0
131,Pratapgarh,867848,2829,716,Uttar Pradesh,25.864842731707316,81.93530048780492,46.0,98.0
173,Pratapgarh,3209141,3639,5149,Uttar Pradesh,25.864842731707316,81.93530048780492,60.0,100.0
132,Saharanpur,3466382,4029,9699,Uttar Pradesh,30.03381165217392,77.59905147826095,60.0,89.0
133,Muzaffarnagar,4143512,4871,10077,Uttar Pradesh,29.470507977736563,77.64017847866423,58.0,89.0
134,Bijnor,3682713,4310,7303,Uttar Pradesh,29.313974259681096,78.45098815489754,58.0,92.0
135,Moradabad,4772006,5452,11690,Uttar Pradesh,28.851770406189537,78.73580193423597,47.0,91.0
136,Rampur,2335819,2545,3847,Uttar Pradesh,28.83244727272725,79.10977333333337,45.0,91.0
137,Jyotiba Phule Nagar,1840221,2074,2825,Uttar Pradesh,28.870498984771597,78.39009365482241,53.0,91.0
138,Meerut,3443689,4953,23717,Uttar Pradesh,29.02957625698323,77.80611005586593,62.0,89.0
139,Baghpat,1303048,1514,2989,Uttar Pradesh,29.045793499999988,77.30266300000001,61.0,86.0
140,Ghaziabad,4681645,5946,78116,Uttar Pradesh,28.74997308584685,77.67441879350343,67.0,88.0
141,Gautam Buddha Nagar,1648115,2578,53181,Uttar Pradesh,28.393311038961038,77.52462467532465,68.0,85.0
142,Bulandshahr,3499171,4534,7865,Uttar Pradesh,28.34875862068968,78.01082758620684,58.0,90.0
143,Aligarh,3673889,4290,13634,Uttar Pradesh,27.93748576850093,78.00146831119557,57.0,88.0
145,Mathura,2547184,3025,8726,Uttar Pradesh,27.59390432801821,77.62153416856502,59.0,86.0
146,Agra,4418797,5982,27183,Uttar Pradesh,26.99512974910393,78.05278291517321,61.0,87.0
147,Firozabad,2498156,2940,5834,Uttar Pradesh,27.20963993055552,78.42660624999998,61.0,88.0
148,Mainpuri,1868529,1998,2642,Uttar Pradesh,27.17386862302482,79.03501851015807,64.0,88.0
150,Bareilly,4448359,5126,15164,Uttar Pradesh,28.51101940789474,79.43187072368416,49.0,89.0
151,Pilibhit,2031007,2125,2870,Uttar Pradesh,28.52024175035868,79.90103974175037,52.0,89.0
152,Shahjahanpur,3006538,3441,3889,Uttar Pradesh,27.991389350649328,79.8302275324675,50.0,87.0
154,Sitapur,4483992,4535,3874,Uttar Pradesh,27.501995963091108,80.85288881199547,51.0,89.0
155,Hardoi,4092845,4209,3845,Uttar Pradesh,27.337409090909137,80.26411767676768,54.0,87.0
156,Unnao,3108367,3620,3476,Uttar Pradesh,26.63163990895297,80.636773292868,57.0,91.0
157,Lucknow,4589838,7486,68506,Uttar Pradesh,26.838233589251463,80.89706026871404,68.0,92.0
158,Rae Bareli,3405559,3812,5184,Uttar Pradesh,26.253902840059787,81.22260463378181,58.0,94.0
159,Farrukhabad,1885204,2058,2624,Uttar Pradesh,27.45063297872342,79.4406284574468,58.0,87.0
160,Kannauj,1656616,1730,2488,Uttar Pradesh,26.993988617886185,79.64437940379408,61.0,88.0
161,Etawah,1581810,1825,2964,Uttar Pradesh,26.78817670157068,79.07621806282728,67.0,87.0
162,Auraiya,1379545,1510,2404,Uttar Pradesh,26.66892394014961,79.42637057356607,67.0,86.0
163,Kanpur Dehat,1796184,2056,2682,Uttar Pradesh,26.43047641196011,79.98710083056478,65.0,86.0
165,Jalaun,1689974,1906,2217,Uttar Pradesh,26.067954587155988,79.36686911314993,64.0,87.0
166,Jhansi,1998603,2651,8517,Uttar Pradesh,25.45581535234902,78.89954580536917,65.0,89.0
167,Lalitpur,1221592,1287,1079,Uttar Pradesh,24.58877161016945,78.60082330508473,52.0,91.0
169,Mahoba,875958,904,1316,Uttar Pradesh,25.34529670138888,79.67863003472216,56.0,88.0
170,Banda,1799410,1949,1655,Uttar Pradesh,25.351885902503284,80.52487391304344,56.0,86.0
171,Chitrakoot,991730,1019,827,Uttar Pradesh,25.159924623803,81.07666087551297,54.0,88.0
172,Fatehpur,2632733,2868,3385,Uttar Pradesh,25.8374362030905,80.85416203090509,57.0,90.0
174,Kaushambi,1599596,1645,1503,Uttar Pradesh,25.53587532051282,81.41811282051287,51.0,91.0
175,Allahabad,5954391,7224,24122,Uttar Pradesh,25.392038662316445,82.05172446982063,62.0,90.0
176,Bara Banki,3260699,3230,3159,Uttar Pradesh,26.922777025232424,81.35762350597606,52.0,91.0
177,Faizabad,2470996,2985,4746,Uttar Pradesh,26.60589185185181,82.00783530864202,59.0,96.0
178,Ambedkar Nagar,2397888,2797,2509,Uttar Pradesh,26.39119025974028,82.68282142857147,62.0,98.0
179,Sultanpur,3797117,4190,5956,Uttar Pradesh,26.2846386419753,82.05710456790123,59.0,98.0
180,Bahraich,3487731,3060,2681,Uttar Pradesh,27.691776300578027,81.46779783237004,40.0,89.0
182,Balrampur,2148665,2174,1551,Uttar Pradesh,27.449076537911324,82.47158326180256,40.0,93.0
183,Gonda,3433919,3614,4313,Uttar Pradesh,27.157215552099505,82.0226888024882,49.0,92.0
185,Basti,2464464,2775,3423,Uttar Pradesh,26.833880454545447,82.69790590909092,57.0,96.0
186,Sant Kabir Nagar,1715183,1850,2031,Uttar Pradesh,26.791596516393444,83.0387764344262,56.0,97.0
188,Gorakhpur,4440895,5455,14597,Uttar Pradesh,26.63315886792452,83.3549560377358,61.0,95.0
189,Kushinagar,3564544,3704,3486,Uttar Pradesh,26.892530675909864,83.92261542461007,55.0,96.0
190,Deoria,3100946,3643,4469,Uttar Pradesh,26.42218856548857,83.8244070686071,60.0,102.0
191,Azamgarh,4613913,5419,6652,Uttar Pradesh,26.008290954773837,83.01220251256285,60.0,102.0
192,Mau,2205968,2693,2656,Uttar Pradesh,26.01082203791469,83.50582654028433,62.0,98.0
193,Ballia,3239774,3634,4672,Uttar Pradesh,25.86075638297873,84.03651978723408,61.0,94.0
194,Jaunpur,4494204,5261,8002,Uttar Pradesh,25.70141280913127,82.54315351934063,61.0,102.0
195,Ghazipur,3620268,4079,5309,Uttar Pradesh,25.624724775583484,83.5360854578097,61.0,95.0
196,Chandauli,1952756,2183,3492,Uttar Pradesh,25.1180859611231,83.25307062634984,60.0,92.0
197,Varanasi,3676841,5059,19214,Uttar Pradesh,25.36057088888889,82.82529666666672,65.0,91.0
199,Mirzapur,2496970,2875,4447,Uttar Pradesh,25.10207959183675,82.60126628571429,57.0,90.0
200,Sonbhadra,1862559,2337,5149,Uttar Pradesh,24.46693268858798,83.06816324951639,53.0,92.0
201,Etah,1774480,3461,2635,Uttar Pradesh,27.591155309734443,78.70021858407083,59.0,87.0
203,Pashchim Champaran,3935042,3181,3495,Bihar,27.16064352201258,84.30265911949685,45.0,91.0
204,Purba Champaran,5099371,4098,7719,Bihar,26.68129336734693,85.00382155612242,45.0,90.0
205,Sheohar,656246,489,478,Bihar,26.458380748663107,85.29539411764709,43.0,89.0
206,Sitamarhi,3423574,2679,3460,Bihar,26.56570069686413,85.61172491289203,42.0,90.0
207,Madhubani,4487379,3520,5319,Bihar,26.41380538172716,86.16328360450552,48.0,93.0
208,Supaul,2229076,1836,1845,Bihar,26.28157893772896,86.78496465201461,46.0,93.0
209,Araria,2811569,2035,2561,Bihar,26.211528119180603,87.30766554934816,43.0,92.0
210,Kishanganj,1690400,1347,1093,Bihar,26.324336758321294,87.95045007235886,44.0,95.0
211,Purnia,3264619,2641,4170,Bihar,25.81714801901739,87.40447606973065,41.0,92.0
212,Katihar,3071029,2516,2941,Bihar,25.56565356037151,87.70466083591326,42.0,92.0
213,Madhepura,2001762,1494,1397,Bihar,25.77341929460581,86.8978443983403,42.0,91.0
214,Saharsa,1900661,1582,1668,Bihar,25.821270696721303,86.54670819672135,42.0,91.0
215,Darbhanga,3937385,3514,6280,Bihar,26.146187719298258,85.97387352472099,46.0,91.0
216,Muzaffarpur,4801062,4105,10290,Bihar,26.18664417177915,85.32745092024543,52.0,90.0
217,Gopalganj,2562012,2370,3707,Bihar,26.44874364161851,84.34636127167629,54.0,102.0
218,Siwan,3330464,3014,3834,Bihar,26.1736372013652,84.33766552901022,58.0,99.0
219,Saran,3951862,3667,4509,Bihar,25.89656077844312,84.82266287425155,55.0,95.0
220,Vaishali,3495021,2930,4810,Bihar,25.8134703180212,85.39247597173153,55.0,89.0
221,Samastipur,4261566,3500,5379,Bihar,25.793205563909765,85.94833323308269,50.0,91.0
222,Begusarai,2970541,2354,4644,Bihar,25.54302613168723,86.12560144032932,52.0,89.0
223,Khagaria,1666886,1254,1580,Bihar,25.53558891454964,86.56593256351037,46.0,89.0
224,Bhagalpur,3037766,2814,6764,Bihar,25.277192885375477,87.04213814229242,52.0,88.0
225,Banka,2034763,1738,1704,Bihar,24.832355642023337,86.8664916342413,47.0,91.0
226,Munger,1367765,1424,2653,Bihar,25.198537962962963,86.54173672839504,59.0,88.0
227,Lakhisarai,1000912,904,1186,Bihar,25.183449321266963,86.12825701357468,51.0,90.0
228,Sheikhpura,636342,565,631,Bihar,25.12472436548223,85.77839390862943,52.0,93.0
229,Nalanda,2877653,2578,4156,Bihar,25.229345508982053,85.48053113772461,53.0,92.0
230,Patna,5838465,7065,40692,Bihar,25.40297114503818,85.3198433587787,59.0,90.0
231,Bhojpur,2728407,2600,3661,Bihar,25.50666439393939,84.49407803030304,59.0,91.0
232,Buxar,1706352,1556,1784,Bihar,25.48593018867924,84.08808081760995,58.0,92.0
234,Rohtas,2959918,1555,4594,Bihar,24.99170460829495,83.9350762672811,61.0,92.0
235,Aurangabad,2540073,2215,2362,Bihar,24.774291867469877,84.45986024096379,58.0,93.0
235,Aurangabad,2540073,2215,2362,Maharashtra,20.0979228832952,75.32072196796334,58.0,93.0
515,Aurangabad,3701282,8119,23258,Bihar,24.774291867469877,84.45986024096379,68.0,92.0
515,Aurangabad,3701282,8119,23258,Maharashtra,20.0979228832952,75.32072196796334,68.0,92.0
236,Gaya,4391418,3998,6856,Bihar,24.7266541547278,84.94291217765044,52.0,94.0
237,Nawada,2219146,1924,1841,Bihar,24.825708836206903,85.61594568965519,49.0,94.0
238,Jamui,1760405,1516,1839,Bihar,24.78418380462726,86.26316298200514,49.0,92.0
239,Jehanabad,1125313,960,1106,Bihar,25.155679045643165,84.9208124481328,55.0,92.0
245,Tawang,49977,348,96,Arunachal Pradesh,27.680683962264148,91.82504245283016,52.0,71.0
246,West Kameng,83947,348,202,Arunachal Pradesh,27.46486582278483,92.65015750452083,58.0,82.0
247,East Kameng,78690,348,57,Arunachal Pradesh,27.371194055944056,93.04741486013997,49.0,103.0
248,Papum Pare,176573,644,2477,Arunachal Pradesh,27.273529716981127,93.54468183962264,69.0,98.0
249,Upper Subansiri,83448,348,139,Arunachal Pradesh,28.277196566523585,93.8991435622318,54.0,100.0
250,West Siang,112274,348,303,Arunachal Pradesh,28.106296920289843,94.53510344202908,58.0,93.0
251,East Siang,99214,644,450,Arunachal Pradesh,28.15382352941176,95.06499226006191,63.0,98.0
252,Upper Siang,35320,348,97,Arunachal Pradesh,28.8309244897959,95.00155765306124,52.0,89.0
253,Changlang,148226,348,170,Arunachal Pradesh,27.36048479338845,96.37552644628106,49.0,93.0
254,Tirap,111975,348,98,Arunachal Pradesh,26.94406229508198,95.41470327868862,43.0,94.0
255,Lower Subansiri,83030,348,381,Arunachal Pradesh,27.70849297297297,93.96226108108112,65.0,98.0
256,Kurung Kumey,92076,348,95,Arunachal Pradesh,28.04853351800553,93.24531994459834,40.0,103.0
258,Lower Dibang Valley,54080,348,207,Arunachal Pradesh,28.32651730103806,95.76567335640142,59.0,93.0
259,Lohit,145726,348,312,Arunachal Pradesh,27.946785273972623,96.59670770547945,57.0,91.0
261,Mon,250260,381,178,Nagaland,26.69207374301676,95.03072988826828,48.0,90.0
262,Mokokchung,194622,346,537,Nagaland,26.478911764705888,94.522426006192,82.0,93.0
263,Zunheboto,140757,275,261,Nagaland,26.028178205128206,94.50026666666668,73.0,98.0
264,Wokha,166343,359,198,Nagaland,26.202611551155112,94.1990815181518,77.0,97.0
265,Dimapur,378811,866,3303,Nagaland,25.814176811594223,93.75074057971014,73.0,92.0
266,Phek,163418,219,170,Nagaland,25.63272986577182,94.56814563758392,65.0,95.0
267,Tuensang,196596,228,155,Nagaland,26.21104453280316,94.85809880715708,60.0,93.0
270,Kohima,267988,677,1928,Nagaland,25.60311428571428,93.78600657596373,74.0,93.0
272,Senapati,479148,823,256,Manipur,25.08465586034914,94.03366234413956,55.0,94.0
273,Tamenglong,140651,90,125,Manipur,24.98312942238265,93.49450740072204,60.0,94.0
274,Churachandpur,274143,327,837,Manipur,24.30309718875504,93.38671506024085,71.0,97.0
275,Bishnupur,237399,226,676,Manipur,24.50712111801243,93.8246236024845,66.0,100.0
276,Thoubal,422168,539,880,Manipur,24.545392553191498,93.97959893617023,64.0,100.0
279,Ukhrul,183998,79,276,Manipur,25.05900314960629,94.44129566929138,71.0,94.0
280,Chandel,144182,250,184,Manipur,24.2635812987013,94.09443844155844,63.0,93.0
281,Mamit,86364,94,90,Mizoram,23.73852942502819,92.4330803833147,70.0,93.0
282,Kolasib,83955,142,367,Mizoram,24.2020004347826,92.73470391304348,78.0,96.0
283,Aizawl,400309,963,4019,Mizoram,23.90781335453101,92.85359459459472,85.0,101.0
284,Champhai,125745,187,186,Mizoram,23.54166580976866,93.24221799485862,80.0,98.0
285,Serchhip,64937,118,131,Mizoram,23.263864705882344,92.914158496732,84.0,98.0
286,Lunglei,161428,274,482,Mizoram,23.007717036172675,92.63512555425892,75.0,95.0
287,Lawngtlai,117894,242,162,Mizoram,22.36102843137253,92.66964156862753,53.0,95.0
288,Saiha,56574,88,168,Mizoram,22.35744801061008,93.02827931034489,75.0,98.0
289,West Tripura,1725739,2817,6394,Tripura,23.780166241299337,91.41310788863107,79.0,96.0
290,South Tripura,876001,1118,948,Tripura,23.211874098057383,91.6065807585568,74.0,96.0
291,Dhalai,378230,455,273,Tripura,23.781360477941163,91.94654283088232,73.0,94.0
292,North Tripura,693947,848,997,Tripura,24.121739755351683,92.17842538226292,75.0,97.0
293,West Garo Hills,643291,791,1630,Meghalaya,25.495285185185185,90.03709947089942,56.0,98.0
294,East Garo Hills,317917,450,288,Meghalaya,25.82728228228228,90.64684924924916,60.0,97.0
295,South Garo Hills,142334,139,179,Meghalaya,25.240568578553614,90.64560349127176,58.0,95.0
296,West Khasi Hills,383461,479,149,Meghalaya,25.500889926739926,91.25364542124538,60.0,98.0
298,East Khasi Hills,825922,1456,5032,Meghalaya,25.303763888888884,91.75922519841272,70.0,101.0
299,Jaintia Hills,395124,528,510,Meghalaya,25.33959557069844,92.37608160136298,47.0,101.0
300,Kokrajhar,887142,348,1218,Assam,26.497246635730868,90.13997470997688,55.0,96.0
302,Goalpara,1008183,348,1364,Assam,26.017277777777807,90.59869891598912,56.0,96.0
303,Barpeta,1693622,348,2078,Assam,26.427872264631056,90.97912010178116,53.0,95.0
305,Nagaon,2823768,348,5121,Assam,26.26462170626351,92.9306191144708,61.0,96.0
306,Sonitpur,1924110,348,4358,Assam,26.73514926829268,92.85197804878044,58.0,96.0
307,Lakhimpur,1042137,348,1948,Assam,27.14128805970149,94.0775949253732,66.0,97.0
308,Dhemaji,686133,348,1192,Assam,27.586533438485816,94.71336908517353,62.0,95.0
309,Tinsukia,1327929,348,5135,Assam,27.53549291139241,95.69055949367085,60.0,95.0
310,Dibrugarh,1326335,348,8817,Assam,27.30612284482757,95.0998282327587,67.0,96.0
312,Jorhat,1092256,348,5651,Assam,26.76244824016563,94.30197722567289,73.0,96.0
313,Golaghat,1066888,348,3073,Assam,26.377219709794485,93.82583397823468,68.0,96.0
314,Karbi Anglong,956313,348,1923,Assam,26.08966454598031,93.11536570271832,58.0,95.0
316,Cachar,1736617,348,5316,Assam,24.815570668693017,92.86849650455927,68.0,96.0
317,Karimganj,1228686,348,1933,Assam,24.69660712250711,92.3679498575498,65.0,96.0
318,Hailakandi,659296,348,1211,Assam,24.457496089385486,92.59154664804475,62.0,95.0
319,Bongaigaon,738804,348,2523,Assam,26.45012521994133,90.6734296187684,59.0,97.0
321,Kamrup,1517542,348,3109,Assam,26.170939452054807,91.58863273972592,66.0,95.0
323,Nalbari,771639,348,1631,Assam,26.46323767605632,91.40598521126763,69.0,95.0
325,Darrang,928500,348,1166,Assam,26.58463215962442,92.04141338028155,52.0,95.0
327,Darjiling,1846823,3146,10943,West Bengal,26.839619571045585,88.33145067024122,71.0,97.0
328,Jalpaiguri,3872846,5160,9322,West Bengal,26.62642031250004,89.04154375000003,65.0,95.0
330,Uttar Dinajpur,3007134,3214,2883,West Bengal,26.044619165196977,88.23595232216337,50.0,94.0
331,Dakshin Dinajpur,1676276,2039,2518,West Bengal,25.342094363021435,88.69821679819614,65.0,96.0
332,Maldah,3988845,4191,5357,West Bengal,25.08026802575105,88.17191684549356,52.0,94.0
333,Murshidabad,7103807,8088,7951,West Bengal,24.25950655391121,88.16816860465121,57.0,96.0
334,Birbhum,3502404,3911,5210,West Bengal,24.06389342723,87.65153089201888,62.0,96.0
335,Barddhaman,7717563,13547,32323,West Bengal,23.444453888888884,87.8150581111111,68.0,95.0
336,Nadia,5167600,7048,12787,West Bengal,23.56410971055088,88.58293034547152,67.0,95.0
338,Hugli,5519145,9450,31725,West Bengal,22.87929264705881,88.00010264705891,74.0,96.0
339,Bankura,3596674,3959,4273,West Bengal,23.081280892857155,87.12640053571437,62.0,96.0
340,Puruliya,2930115,3309,3551,West Bengal,23.254192328767108,86.3968532876713,55.0,96.0
341,Haora,4850029,9414,30751,West Bengal,22.401674174428507,87.99421176968654,74.0,94.0
342,Kolkata,4496694,16375,136618,West Bengal,22.550581481481483,88.3527648148148,80.0,91.0
346,Garhwa,1322784,1017,565,Jharkhand,24.082114689265527,83.68664265536722,49.0,94.0
347,Chatra,1042886,817,590,Jharkhand,24.11619945750453,84.93295804701627,49.0,95.0
349,Giridih,2445474,2384,1944,Jharkhand,24.30578509874329,86.08710915619386,51.0,94.0
350,Deoghar,1492073,1267,1944,Jharkhand,24.33070100755672,86.75697632241814,53.0,93.0
351,Godda,1313551,1057,874,Jharkhand,24.8189,87.2941735483871,46.0,94.0
352,Sahibganj,1150567,954,591,Jharkhand,24.93667989690721,87.68264097938142,42.0,95.0
353,Pakur,900422,691,328,Jharkhand,24.57260428082189,87.69691969178076,39.0,99.0
354,Dhanbad,2684487,3954,11568,Jharkhand,23.854509090909097,86.40372924901185,64.0,91.0
355,Bokaro,2062330,3604,9754,Jharkhand,23.6814965034965,85.98398374125864,62.0,92.0
356,Lohardaga,461790,388,351,Jharkhand,23.488796043165483,84.6605169064748,56.0,99.0
358,Palamu,1939869,1515,2155,Jharkhand,24.196925968109337,84.20310842824594,53.0,93.0
359,Latehar,726978,547,340,Jharkhand,23.72511185840708,84.48298743362837,48.0,97.0
362,Dumka,1321442,1323,1193,Jharkhand,24.275006125574265,87.27662450229711,51.0,98.0
363,Jamtara,791042,540,808,Jharkhand,23.97873318077801,86.95325080091534,54.0,95.0
364,Ranchi,2914253,3805,22538,Jharkhand,23.184235061391547,85.31781937244203,66.0,95.0
366,Gumla,1025213,849,831,Jharkhand,23.078532948929148,84.55056787479396,55.0,99.0
367,Simdega,599578,496,423,Jharkhand,22.608760391198054,84.59193691931536,57.0,100.0
371,Jharsuguda,579505,870,2498,Orissa,21.827058566978184,83.93581682242987,70.0,95.0
372,Sambalpur,1041099,1548,5231,Orissa,21.515752380952385,84.34958483245157,68.0,98.0
374,Sundargarh,2093437,3130,12787,Orissa,22.06354819277107,84.50524819277099,64.0,97.0
376,Mayurbhanj,2519738,2747,2950,Orissa,21.897621545157754,86.4030408052231,54.0,101.0
377,Baleshwar,2320529,2664,7370,Orissa,21.48570932311624,87.08085828011933,70.0,96.0
378,Bhadrak,1506337,1711,2637,Orissa,20.95262735257214,86.81496204516931,73.0,98.0
379,Kendrapara,1440361,1540,1628,Orissa,20.606319815982264,86.83763247572003,76.0,101.0
381,Cuttack,2624470,3852,15046,Orissa,20.407640646029623,85.7776810228802,77.0,94.0
383,Dhenkanal,1192811,1334,1810,Orissa,20.79887159353349,85.53226836027711,70.0,95.0
385,Nayagarh,962789,984,1163,Orissa,20.192895622119817,85.05614700460825,71.0,92.0
386,Khordha,2251673,4186,35701,Orissa,20.054162322274863,85.52234834123229,78.0,93.0
387,Puri,1698730,2027,3416,Orissa,19.83509174603177,85.86698989898981,76.0,96.0
388,Ganjam,3529031,4377,9049,Orissa,19.2632617564534,84.80297710437702,63.0,98.0
389,Gajapati,577817,617,635,Orissa,19.121080882352945,84.14015091911759,45.0,104.0
390,Kandhamal,733110,739,768,Orissa,20.092878624813142,84.02216352765326,55.0,104.0
394,Nuapada,610382,205,757,Orissa,20.471309512195116,82.59152536585364,49.0,102.0
395,Kalahandi,1576869,1562,1953,Orissa,19.784253092783523,83.1124043814433,51.0,100.0
396,Rayagada,967911,1074,1553,Orissa,19.292840020060204,83.45860120361095,42.0,105.0
398,Koraput,1379647,1519,3988,Orissa,18.82627794779476,82.81278469846964,41.0,103.0
399,Malkangiri,613192,564,448,Orissa,18.25227930367506,81.98293636363628,40.0,102.0
400,Koriya,658917,852,1667,Chhattisgarh,23.50412776859501,82.12515636363635,60.0,97.0
401,Surguja,2359886,2462,2737,Chhattisgarh,23.32719278728607,83.23582493887531,50.0,98.0
402,Jashpur,851669,856,567,Chhattisgarh,22.77286167664669,83.8703962075848,58.0,101.0
403,Raigarh,1493984,1575,3342,Chhattisgarh,22.008265068493166,83.27797698630134,64.0,99.0
403,Raigarh,1493984,1575,3342,Maharashtra,18.453257637845976,73.0090609418579,64.0,99.0
520,Raigarh,2634200,6097,38570,Chhattisgarh,22.008265068493166,83.27797698630134,74.0,96.0
520,Raigarh,2634200,6097,38570,Maharashtra,18.453257637845976,73.0090609418579,74.0,96.0
404,Korba,1206640,1565,4544,Chhattisgarh,22.491712499999995,82.57604326923074,62.0,97.0
409,Durg,3343872,4209,16141,Chhattisgarh,21.194463849287164,81.33181639511197,69.0,99.0
410,Raipur,4063872,4561,20261,Chhattisgarh,20.88603153846152,82.20032759615388,65.0,98.0
411,Mahasamund,1032754,964,961,Chhattisgarh,21.223727037773354,82.65925427435384,62.0,102.0
412,Dhamtari,799781,782,1016,Chhattisgarh,20.554912627291245,81.7569195519348,68.0,101.0
414,Bastar,1413199,1529,1782,Chhattisgarh,19.393866751269048,81.52895126903546,46.0,102.0
417,Bijapur,255230,1387,117,Karnataka,16.84015316666667,75.95909166666665,34.0,98.0
557,Bijapur,2177331,2938,4987,Karnataka,16.84015316666667,75.95909166666665,57.0,96.0
418,Sheopur,687861,693,273,Madhya Pradesh,25.78014810996563,77.16911116838484,48.0,90.0
419,Morena,1965970,1924,1781,Madhya Pradesh,26.37313504531724,77.88447341389724,60.0,84.0
420,Bhind,1703005,1786,1166,Madhya Pradesh,26.35951126187245,78.7618324287653,64.0,84.0
421,Gwalior,2032036,2830,15779,Madhya Pradesh,26.04074441964285,78.12782433035713,67.0,86.0
422,Datia,786754,951,616,Madhya Pradesh,25.90226439560441,78.63916571428574,62.0,87.0
423,Shivpuri,1726050,1827,1852,Madhya Pradesh,25.37802451874367,77.74861600810549,52.0,88.0
424,Tikamgarh,1445166,1591,1090,Madhya Pradesh,25.14099852104666,78.89357064846428,52.0,90.0
425,Chhatarpur,1762375,1947,1880,Madhya Pradesh,24.813637376460004,79.56449299191374,54.0,88.0
426,Panna,1016520,1034,653,Madhya Pradesh,24.451325840092657,80.21133001158752,54.0,91.0
427,Sagar,2378458,2771,4546,Madhya Pradesh,23.800318709677374,78.71940357771273,65.0,89.0
428,Damoh,1264219,1359,1432,Madhya Pradesh,23.76624407960196,79.47049303482588,59.0,91.0
429,Satna,2228935,2641,3754,Madhya Pradesh,24.62777621776502,80.75547048710598,62.0,93.0
430,Rewa,2365106,2756,3406,Madhya Pradesh,24.861184625158856,81.57572465057183,61.0,93.0
431,Umaria,644758,692,839,Madhya Pradesh,23.59601063063061,80.90879477477475,55.0,95.0
432,Neemuch,826067,1026,1945,Madhya Pradesh,24.70311893333336,75.06608186666664,62.0,95.0
433,Mandsaur,1340411,1475,2324,Madhya Pradesh,24.19278764044944,75.43588667736759,62.0,96.0
434,Ratlam,1455069,1700,3644,Madhya Pradesh,23.503562290502792,75.14895782122909,57.0,97.0
435,Ujjain,1986864,2599,7501,Madhya Pradesh,23.319288862745065,75.80383717647058,62.0,96.0
436,Shajapur,1512681,1647,1382,Madhya Pradesh,23.566620317220547,76.33555181268885,59.0,94.0
437,Dewas,1563715,1899,3518,Madhya Pradesh,22.7851110021322,76.46088805970157,59.0,94.0
438,Dhar,2185793,2470,2388,Madhya Pradesh,22.572681718963157,75.1105620736698,49.0,96.0
439,Indore,3276697,5783,48691,Madhya Pradesh,22.680265752128648,75.9133801324502,70.0,93.0
441,Barwani,1385881,1336,1158,Madhya Pradesh,21.702135714285724,74.91004719710673,40.0,98.0
442,Rajgarh,1545814,1629,1611,Madhya Pradesh,23.785499026425583,76.66431223922116,52.0,96.0
443,Vidisha,1458875,1583,1926,Madhya Pradesh,23.82838307984792,77.9013507604563,59.0,90.0
444,Bhopal,2371061,4298,40788,Madhya Pradesh,23.480726143790854,77.39246623093679,70.0,92.0
445,Sehore,1311332,1442,1566,Madhya Pradesh,22.9297199679658,77.06780202883085,60.0,92.0
446,Raisen,1331597,1460,1141,Madhya Pradesh,23.292518206521724,78.16305495923909,62.0,90.0
447,Betul,1575362,1845,2109,Madhya Pradesh,21.964626315789477,77.7873428189117,60.0,97.0
448,Harda,570465,619,986,Madhya Pradesh,22.227659781121783,77.07022571819435,62.0,93.0
449,Hoshangabad,1241350,1535,2871,Madhya Pradesh,22.595268801996703,78.02168094841929,65.0,91.0
450,Katni,1292042,1476,2179,Madhya Pradesh,23.724416229116937,80.33819665871127,61.0,95.0
451,Jabalpur,2463289,3776,20443,Madhya Pradesh,23.18525572327043,79.98328754716981,71.0,93.0
453,Dindori,704524,652,554,Madhya Pradesh,22.83738437047757,81.04332966714911,54.0,100.0
454,Mandla,1054905,1043,912,Madhya Pradesh,22.70348712446353,80.38600543633753,57.0,101.0
455,Chhindwara,2090922,2513,3588,Madhya Pradesh,22.227966971713823,78.76413136439254,62.0,96.0
456,Seoni,1379131,1369,1182,Madhya Pradesh,22.33230487804874,79.66053863928111,63.0,98.0
457,Balaghat,1701698,1709,1712,Madhya Pradesh,21.80020720640569,80.42170053380796,67.0,102.0
458,Guna,1241519,1302,2482,Madhya Pradesh,24.49043927178156,77.2235895968791,53.0,91.0
459,Ashoknagar,845071,861,619,Madhya Pradesh,24.63098846153845,77.82974493927134,56.0,90.0
460,Shahdol,1066063,1302,1733,Madhya Pradesh,23.44859864559819,81.4596831828442,57.0,97.0
461,Anuppur,749237,787,1290,Madhya Pradesh,23.18184220430107,81.86560000000007,58.0,98.0
462,Sidhi,1127033,3019,837,Madhya Pradesh,24.17547189952905,82.1053783359498,53.0,96.0
464,Jhabua,1025048,1612,744,Madhya Pradesh,22.419578015397768,74.40921616766468,34.0,99.0
467,Burhanpur,757847,989,986,Madhya Pradesh,21.364567254408065,76.24460478589425,54.0,95.0
468,Kachchh,2092371,4146,9631,Gujarat,23.48057203301311,68.82192301497916,60.0,91.0
469,Banas Kantha,3120506,4242,3424,Gujarat,24.258538965517253,71.93205252873561,55.0,94.0
470,Patan,1343734,2199,2231,Gujarat,23.80634198473284,71.75162977099237,62.0,94.0
471,Mahesana,2035064,3648,7759,Gujarat,23.529355452865065,72.45545194085031,74.0,93.0
472,Sabar Kantha,2428589,3934,5262,Gujarat,23.71803594548552,73.13638790459964,65.0,95.0
473,Gandhinagar,1391753,6016,12107,Gujarat,23.193679790026252,72.67221679790026,74.0,92.0
474,Ahmadabad,7214225,18633,126341,Gujarat,22.605425564971743,72.23898135593227,75.0,90.0
475,Surendranagar,1756268,3227,2975,Gujarat,22.82672007299272,71.48358740875906,62.0,93.0
476,Rajkot,3804558,8498,21785,Gujarat,22.40603377715488,70.83679439383323,72.0,93.0
477,Jamnagar,2160119,5028,11573,Gujarat,22.410600414263328,69.62062005768233,65.0,94.0
478,Porbandar,585449,1463,1653,Gujarat,21.55092351651571,69.71896987722886,67.0,95.0
479,Junagadh,2743082,5549,6628,Daman and Diu,20.72568199498111,70.83985639899612,67.0,95.0
479,Junagadh,2743082,5549,6628,Gujarat,20.929523011609785,70.54733890140345,67.0,95.0
480,Amreli,1514190,2825,2538,Gujarat,21.04832649310872,71.43457637825426,66.0,96.0
481,Bhavnagar,2880365,5434,7297,Gujarat,21.70219390341736,72.16272632761141,66.0,93.0
482,Anand,2092745,4372,9902,Gujarat,22.282718206229863,72.57782051557454,74.0,92.0
483,Kheda,2299885,4252,5710,Gujarat,22.88765312500002,73.018803515625,72.0,94.0
484,Panch Mahals,2390776,3981,3456,Gujarat,22.80435606837605,73.61984598290586,60.0,95.0
486,Vadodara,4165626,9753,53606,Gujarat,22.26133739279589,73.49433010291594,69.0,93.0
487,Narmada,590297,979,576,Gujarat,21.70666386292833,73.68403208722742,63.0,96.0
488,Bharuch,1551019,3242,10257,Gujarat,21.75787276237761,72.67326346710801,72.0,93.0
489,The Dangs,228291,325,137,Gujarat,20.801633877551023,73.6883518367347,62.0,101.0
490,Navsari,1329672,3256,6726,Gujarat,20.866973318871995,72.86184869848157,75.0,96.0
491,Valsad,1705678,3316,11020,Gujarat,20.44238231644259,72.9148584798345,69.0,92.0
492,Surat,6081322,16368,55694,Gujarat,21.25761372772093,72.93488716344339,75.0,79.0
495,Daman,191173,34145,1316,Daman and Diu,20.431616666666677,72.8392366071429,79.0,53.0
497,Nandurbar,1648295,2446,2579,Maharashtra,21.523175625248147,74.32638757443429,55.0,98.0
498,Dhule,2050862,3583,6065,Maharashtra,21.274018690400517,74.58719071837263,63.0,95.0
499,Jalgaon,4229917,7988,14297,Maharashtra,20.8828943415638,75.55140421810695,68.0,92.0
500,Buldana,2586258,4421,4767,Maharashtra,20.56680611183355,76.39017880364096,73.0,93.0
501,Akola,1813906,3948,6163,Maharashtra,20.746310479041902,77.12122320359276,78.0,95.0
502,Washim,1197160,1942,1875,Maharashtra,20.282282394366213,77.25502394366208,73.0,93.0
503,Amravati,2888445,6236,9438,Maharashtra,21.16520991810736,77.67583503184723,78.0,95.0
504,Wardha,1300774,2754,4313,Maharashtra,20.80743024390242,78.57259105691062,78.0,95.0
505,Nagpur,4653570,14073,57964,Maharashtra,21.196556862745105,79.02166176470584,79.0,95.0
506,Bhandara,1200334,2237,2932,Maharashtra,21.211792649727748,80.10950199637024,75.0,98.0
507,Gondiya,1322507,2183,2866,Maharashtra,21.225008411214997,80.17522698598128,76.0,100.0
509,Chandrapur,2204307,5085,8239,Maharashtra,20.095609090909075,79.31556380471388,72.0,96.0
510,Yavatmal,2772348,4937,6094,Maharashtra,20.04258346738159,78.05326371760479,73.0,95.0
511,Nanded,3361292,6214,7548,Maharashtra,19.209316983017,77.6829048951049,65.0,94.0
512,Hingoli,1177345,1853,1221,Maharashtra,19.59525302245251,77.09239412780653,67.0,94.0
513,Parbhani,1836086,3410,3982,Maharashtra,19.31032425249168,76.70163338870431,63.0,95.0
514,Jalna,1959046,3363,3791,Maharashtra,19.984612534818933,75.98473607242339,61.0,94.0
516,Nashik,6107187,13629,45039,Maharashtra,20.266912871287143,74.03824168316828,71.0,93.0
517,Thane,11060148,35118,256170,Maharashtra,19.698767747440264,72.79882742564581,74.0,89.0
521,Pune,9429408,27223,235018,Maharashtra,18.51696171428573,74.12922881632647,76.0,91.0
523,Bid,2585049,4179,5614,Maharashtra,18.952353340080982,75.69319706477731,66.0,92.0
524,Latur,2454196,4574,6217,Maharashtra,18.348687268993856,76.75812607802874,67.0,93.0
525,Osmanabad,1657576,2786,3209,Maharashtra,18.19459456066944,75.99495575313809,69.0,92.0
526,Solapur,4317756,8995,15145,Maharashtra,17.837357937584812,75.42394823609216,67.0,94.0
527,Satara,3003741,5649,14093,Maharashtra,17.6737908974359,74.18052064102558,74.0,99.0
528,Ratnagiri,1615069,3484,7752,Maharashtra,17.210195070127703,73.25725893866404,74.0,112.0
529,Sindhudurg,849651,1749,3517,Maharashtra,16.170948049777163,73.51329008172343,78.0,104.0
530,Kolhapur,3876001,8464,22269,Maharashtra,16.44881301587301,74.12897150793648,73.0,96.0
531,Sangli,2822143,5798,13212,Maharashtra,17.154930181086502,74.70713822937628,73.0,97.0
532,Adilabad,2741239,4181,5512,Andhra Pradesh,19.284513950073435,78.81321233480176,54.0,100.0
533,Nizamabad,2551335,3458,5261,Andhra Pradesh,18.429485849056604,78.07523490566035,54.0,104.0
534,Karimnagar,3776269,5251,8831,Andhra Pradesh,18.515483193277312,79.43765428571413,58.0,101.0
535,Medak,3033288,3874,8635,Andhra Pradesh,17.889304978038055,78.13778901903379,54.0,99.0
536,Hyderabad,3943323,11071,149034,Andhra Pradesh,17.38971555555556,78.46668888888888,73.0,95.0
538,Mahbubnagar,4053028,4695,6153,Andhra Pradesh,16.639546224256293,77.98933089244859,48.0,98.0
539,Nalgonda,3488809,4468,7715,Andhra Pradesh,17.113250515463907,79.16984453608244,57.0,98.0
540,Warangal,3512576,4762,12952,Andhra Pradesh,18.01752608695651,79.87422028985509,59.0,100.0
541,Khammam,2797370,3836,8628,Andhra Pradesh,17.683921325051784,80.67008643892335,58.0,101.0
542,Srikakulam,2703114,3301,3988,Andhra Pradesh,18.570900998697432,84.25874814010675,55.0,101.0
543,Vizianagaram,2344474,3103,4453,Andhra Pradesh,18.28329696032972,83.45982854198873,53.0,102.0
545,East Godavari,5154296,7211,22411,Andhra Pradesh,16.782718320784902,82.2432074720511,64.0,101.0
546,West Godavari,3936966,5485,12050,Andhra Pradesh,16.63297943925236,81.45912990654196,67.0,100.0
547,Krishna,4517398,6983,30438,Andhra Pradesh,16.143872753151673,81.14805061000413,67.0,99.0
548,Guntur,4887813,6981,19383,Andhra Pradesh,15.884925767634847,80.58657614107885,61.0,100.0
549,Prakasam,3397448,4304,6151,Andhra Pradesh,15.489039001601704,80.11665790176184,56.0,98.0
552,Kurnool,4053463,5301,10081,Andhra Pradesh,15.43759715142429,77.90086836581717,52.0,99.0
553,Anantapur,4081148,5799,8606,Andhra Pradesh,14.312065561843148,77.4601584478577,57.0,98.0
554,Chittoor,4174064,5926,13763,Andhra Pradesh,13.33109263067696,78.92763898886037,64.0,100.0
555,Belgaum,4779661,7045,17560,Karnataka,16.16107219152853,74.72329042357275,64.0,97.0
556,Bagalkot,1889752,2890,3745,Karnataka,16.15860676328503,75.64526070853468,59.0,99.0
558,Bidar,1703300,2448,3971,Karnataka,17.950361730769224,77.19459961538459,61.0,96.0
559,Raichur,1928812,2672,5200,Karnataka,16.050795353982295,76.87368606194688,51.0,100.0
560,Koppal,1389920,1889,2135,Karnataka,15.651253271028034,76.1617048598131,58.0,99.0
561,Gadag,1064570,1699,3373,Karnataka,15.507128256880746,75.64861302752298,66.0,98.0
562,Dharwad,1847023,3519,15013,Karnataka,15.343831376975173,75.13831264108359,70.0,97.0
564,Haveri,1597668,2240,2456,Karnataka,14.737582809224318,75.3961230607966,68.0,95.0
565,Bellary,2452595,3886,9626,Karnataka,15.074377548209377,76.47228471074374,58.0,98.0
566,Chitradurga,1659456,2374,5711,Karnataka,14.29102220394736,76.57821957236843,66.0,97.0
567,Davanagere,1945497,3062,7320,Karnataka,14.330414586709884,75.91723841166937,67.0,97.0
568,Shimoga,1752753,3119,8791,Karnataka,14.063845885634592,75.17882078103197,72.0,100.0
569,Udupi,1177361,2100,9070,Karnataka,13.450404228534568,74.72009990316337,79.0,109.0
570,Chikmagalur,1137961,1996,4510,Karnataka,13.425288289676422,75.67626502311249,72.0,101.0
571,Tumkur,2678980,4067,7971,Karnataka,13.592467760074973,77.02297966260545,68.0,98.0
573,Mandya,1805769,2628,3367,Karnataka,12.574901806239744,76.81570098522172,64.0,100.0
574,Hassan,1776421,2743,4851,Karnataka,12.945098749999998,76.11049549999997,69.0,101.0
576,Kodagu,554519,942,3308,Karnataka,12.39684468085106,75.79336595744688,74.0,102.0
577,Mysore,3001127,4995,28397,Karnataka,12.248100259403367,76.52881802853437,65.0,99.0
579,Gulbarga,2566326,5378,9752,Karnataka,17.070459515951594,76.87503850385033,56.0,97.0
581,Kolar,1536401,3389,5051,Karnataka,13.312799881235172,78.01376947743476,66.0,98.0
583,Bangalore Rural,990923,1422,3729,Karnataka,12.936827087794448,77.47369314775169,70.0,95.0
585,North Goa,818008,2078,23440,Goa,15.548723418714054,73.80667997909038,81.0,96.0
586,South Goa,640537,1646,17624,Goa,15.195278658183785,73.941792596877,78.0,99.0
588,Kasaragod,1307375,1988,10378,Kerala,12.33310309912974,75.07768497134369,79.0,108.0
589,Kannur,2523003,4432,32653,Kerala,11.941523076923056,75.35209891725934,85.0,114.0
590,Wayanad,817420,1095,4712,Kerala,11.715277464788736,76.07587007042254,79.0,103.0
591,Kozhikode,3086293,4594,36791,Kerala,11.392924270557026,75.71158720159153,85.0,110.0
592,Malappuram,4112920,4838,27909,Kerala,10.97329875666072,75.93910775606876,81.0,110.0
593,Palakkad,2809934,3929,27162,Kerala,10.784926903553291,76.49980490693744,80.0,107.0
594,Thrissur,3121200,5612,56148,Kerala,10.458932647907687,76.12321940836945,86.0,111.0
595,Ernakulam,3282388,6274,88737,Kerala,10.004879301987431,76.26957729035381,87.0,103.0
596,Idukki,1108974,1374,8250,Kerala,9.80480963855423,77.04586641566264,83.0,101.0
597,Kottayam,1974551,3071,37849,Kerala,9.643701174068417,76.46059673302705,89.0,104.0
598,Alappuzha,2127789,3368,28842,Kerala,9.542602965599087,76.38010796263319,87.0,110.0
600,Kollam,2635375,3910,31542,Kerala,8.929388820570157,76.6360775852431,85.0,111.0
601,Thiruvananthapuram,3301427,5770,71621,Kerala,8.537101759082221,76.88711502868073,84.0,109.0
602,Thiruvallur,3728104,7731,75634,Tamil Nadu,13.275858101752885,80.19724702864492,75.0,99.0
603,Chennai,4646732,15742,217368,Tamil Nadu,13.058098905608748,80.28139151846806,81.0,99.0
604,Kancheepuram,3998252,8349,100322,Tamil Nadu,12.496424756511884,80.08820360135913,75.0,99.0
605,Vellore,3936331,8092,20623,Tamil Nadu,12.784882632293078,79.02643283582084,70.0,101.0
606,Tiruvannamalai,2464875,4189,6445,Tamil Nadu,12.419318947368414,79.23265631578953,66.0,99.0
608,Salem,3482056,8169,20660,Tamil Nadu,11.629324202127655,78.2478257978723,66.0,95.0
609,Namakkal,1726601,3824,8960,Tamil Nadu,11.33766638477801,78.14624841437633,68.0,99.0
610,Erode,2251744,7719,18604,Tamil Nadu,11.267012155963302,77.42034334862392,66.0,99.0
612,Dindigul,2159775,4682,9155,Tamil Nadu,10.377801390820574,77.78011279554937,69.0,100.0
613,Karur,1064493,2151,4915,Tamil Nadu,10.79532776617955,78.08749686847604,68.0,102.0
615,Perambalur,565223,979,1507,Tamil Nadu,11.260137758112096,78.86034011799416,66.0,100.0
616,Ariyalur,754894,1258,1749,Tamil Nadu,11.190514836795256,79.22249643916912,64.0,101.0
617,Cuddalore,2605914,5300,15396,Tamil Nadu,11.57587300613498,79.63002365371497,70.0,99.0
618,Nagapattinam,1616450,3026,5585,Tamil Nadu,10.789468161718286,79.79437299431483,75.0,103.0
619,Thiruvarur,1264277,2272,4416,Tamil Nadu,10.368927409395978,79.60322893959727,75.0,102.0
620,Thanjavur,2405890,4914,13495,Tamil Nadu,10.387692255892237,79.3194869107745,74.0,103.0
621,Pudukkottai,1618345,2812,4494,Tamil Nadu,10.130514816433578,79.05444484265728,69.0,101.0
622,Sivaganga,1339101,2456,5773,Tamil Nadu,9.960306580645158,78.56535729032255,72.0,100.0
623,Madurai,3038252,6917,34097,Tamil Nadu,9.904313833333331,78.01366033333332,75.0,99.0
624,Theni,1245899,2642,4667,Tamil Nadu,9.924066666666668,77.43458833333332,70.0,99.0
625,Virudhunagar,1942288,4300,10219,Tamil Nadu,9.468872195892564,77.87641469194315,72.0,101.0
626,Ramanathapuram,1353445,2340,5172,Tamil Nadu,9.31286995153476,78.99185362412462,72.0,98.0
629,Kanniyakumari,1870374,4377,15673,Tamil Nadu,8.183466300191206,77.32053064053538,83.0,102.0
630,Dharmapuri,1506843,2364,3651,Tamil Nadu,12.300141200000006,78.11509813333339,61.0,95.0
632,Coimbatore,3458045,13938,63273,Tamil Nadu,10.871376995940452,77.07619012178621,76.0,100.0
634,Yanam,55626,10027,207,Puducherry,16.707695652173904,82.26187304347832,71.0,104.0
636,Mahe,41816,10027,574,Puducherry,12.006420793787758,75.28275021570326,87.0,118.0
637,Karaikal,200222,4890,1868,Puducherry,10.876161726078813,79.82369793621002,77.0,105.0
